<?xml version="1.0" encoding="UTF-8"?>

<ExtensionManifest Version="4.0" ExtensionBundleId="com.zoom.ZmExtensionCC2014" ExtensionBundleVersion="1.0.0"
		ExtensionBundleName="ZmAdobeExtensionsCC2014" xmlns:xsi="http://www.w3.org/2001/XMLSchema-instance">
	<ExtensionList>
		<Extension Id="com.zoom.ZmExtensionCC2014.extension1" Version="1.0" />
	</ExtensionList>
	<ExecutionEnvironment>
		<HostList>
			<Host Name="AEFT" Version="[13.0,14.9]" />
			<Host Name="ILST" Version="[18.0,18.9]" />
			<Host Name="PHXS" Version="[15.0,15.9]" />
			<Host Name="FLPR" Version="[14.0,14.9]" />
			<Host Name="PHSP" Version="[15.0,15.9]" />
			<Host Name="PRLD" Version="[3.0,3.9]" />
			<Host Name="IDSN" Version="[10.0,10.9]" />
			<Host Name="PPRO" Version="[8.0,8.9]" />
		</HostList>
		<LocaleList>
			<Locale Code="All" />
		</LocaleList>
		<RequiredRuntimeList>
			<RequiredRuntime Name="CSXS" Version="5.0" />
		</RequiredRuntimeList>
	</ExecutionEnvironment>
	<DispatchInfoList>
		<Extension Id="com.zoom.ZmExtensionCC2014.extension1">
			<DispatchInfo >
				<Resources>
				<MainPath>./index.html</MainPath>
				<ScriptPath>./ZmAdobeExtensions.jsx</ScriptPath>
				</Resources>
				<Lifecycle>
					<AutoVisible>true</AutoVisible>
				</Lifecycle>
				<UI>
					<Type>Panel</Type>
					<Menu>Evolphin Zoom</Menu>
					<Geometry>
						<Size>
							<Height>%height</Height>
							<Width>%width</Width>
						</Size>
						<MinSize>
							<Height>%height</Height>
							<Width>%width</Width>
						</MinSize>
					</Geometry>
					<Icons>
						<Icon Type="Normal">./assets/icon_normal.png</Icon>
						<Icon Type="RollOver">./assets/icon_normal.png</Icon>
					</Icons>
				</UI>
			</DispatchInfo>
		</Extension>
	</DispatchInfoList>
</ExtensionManifest>